"gene_id","baseMean_T24h","baseMean_T12h","baseMean","log2FoldChange","lfcSE","stat","pvalue","padj"
"Mper.PacBio.PsGc_0.g1121",7.41567913315574,6.39603899664811,12.5603738754099,0.250689167702596,0.504501136601843,0.496905060296112,0.619256002910914,0.990321463352591
"Mper.PacBio.PsGc_0.g1150",8.6051836443398,2.39596580840982,4.28205935188277,1.80581474748877,1.40194320365937,1.28807981862261,0.197718179688649,0.918432834682757
"Mper.PacBio.PsGc_0.g119",9.20986801691905,18.5249255040851,7.05350835582197,-0.999702847916093,1.28936917425146,-0.775342599993882,0.438137243190911,0.990321463352591
"Mper.PacBio.PsGc_0.g1281",2.11439379960157,0.697347876904687,1.61013628910257,2.13897186170124,1.69196073194412,1.26419710653893,0.206159289124827,0.92131767711884
"Mper.PacBio.PsGc_0.g150",2.00265739661393,2.3002000704414,1.80746937577332,-0.196251186333929,1.55050863959817,-0.126572133377334,0.899279053859303,0.990321463352591
"Mper.PacBio.PsGc_0.g1542",7.89951904401202,0.605235305132923,1.92453991169962,4.55183993234693,1.57938034510525,2.88204164782333,0.0039510750618408,0.121918887622516
"Mper.PacBio.PsGc_0.g1570",4.34261767366706,7.65923190749666,7.65051047345134,-0.759649697057915,1.02884571528905,-0.738351422151276,0.460300925999771,0.990321463352591
"Mper.PacBio.PsGc_0.g1587",3.66057614989183,5.11257662885417,1.77281557569297,-0.412091646137901,1.7901159700933,-0.230203882330832,0.817933345204472,0.990321463352591
"Mper.PacBio.PsGc_0.g1612",3.18968318601128,2.46125435263223,1.38466916008097,0.294876628342395,1.7590714016575,0.167631983593472,0.866872807961208,0.990321463352591
"Mper.PacBio.PsGc_0.g1613",8.30609152391505,13.9505720263739,4.70894234721222,-0.744098738367863,1.1831573146846,-0.628909384350316,0.529408381971199,0.990321463352591
"Mper.PacBio.PsGc_0.g1646",3.73108625753046,3.66271527240283,2.73405103447134,0.0576893943452374,0.947205494879722,0.0609048349667386,0.951434998850025,0.990321463352591
"Mper.PacBio.PsGc_0.g1868",2.6703513739141,6.30082262315712,2.03311190990637,-1.21788985079638,1.45423314638671,-0.837479089114722,0.402323326136449,0.990321463352591
"Mper.PacBio.PsGc_0.g1945",11.8632420325806,21.9861552399828,7.18242259464427,-0.886845839236207,1.10131560204577,-0.805260397281966,0.420669429903282,0.990321463352591
"Mper.PacBio.PsGc_0.g2118",1.56595203384815,9.57497335136834,2.56006801132387,-2.69217128680288,1.33956386013751,-2.00973717410271,0.0444590132944608,0.585690810772662
"Mper.PacBio.PsGc_0.g2212",2.76995518149804,5.26497277930776,3.34765602466467,-0.949894930891417,0.807509501410061,-1.17632663050122,0.239464378026234,0.985224869593647
"Mper.PacBio.PsGc_0.g2226",5.15815298151045,7.11376161659215,3.00939363249701,-0.473935753101028,1.41758356820165,-0.334326500202217,0.738133195516948,0.990321463352591
"Mper.PacBio.PsGc_0.g2246",1.82837715812475,1.24144443078919,2.73492582880818,0.0977697070238121,1.07756069825005,0.0907324359384946,0.92770519676883,0.990321463352591
"Mper.PacBio.PsGc_0.g2302",4.1170511962155,7.34363573635484,2.12589571684637,-0.843974841131954,1.09452922222193,-0.771084795176743,0.440656672368035,0.990321463352591
"Mper.PacBio.PsGc_0.g2309",3.04045818292632,2.73451165070661,4.02589885159067,0.216769280142634,0.977026284397257,0.221866375147075,0.824417906926051,0.990321463352591
"Mper.PacBio.PsGc_0.g2341",2.54574081723588,3.70600039086007,2.84599120292501,-0.38683848107046,0.824051294653034,-0.469434953358502,0.638758769094344,0.990321463352591
"Mper.PacBio.PsGc_0.g2351",1.53728286918941,2.05376679991638,1.29715097841125,-0.449145401460514,1.85287677430601,-0.242404356128184,0.808466859316294,0.990321463352591
"Mper.PacBio.PsGc_0.g2379",5.92821811147803,1.09245831865847,1.38046213535931,2.35280155420963,1.48200918698394,1.58757555275204,0.112382349989547,0.787778258595406
"Mper.PacBio.PsGc_0.g2444",75.2825523195842,83.8894500229736,73.9567695330063,-0.129338332909313,0.263416131143736,-0.491003843795495,0.623423728923017,0.990321463352591
"Mper.PacBio.PsGc_0.g2460",4.46048621267208,1.31691010109438,2.06839866621668,1.65042342468399,0.982915686662239,1.67910986372438,0.0931306342188184,0.770161200461621
"Mper.PacBio.PsGc_0.g2576",0.878721257599779,4.49853812396466,1.65366446674802,-2.5303972338979,1.8039309762322,-1.40271289048045,0.160702471822141,0.906761501980343
"Mper.PacBio.PsGc_0.g261",3.27078937756446,6.34796865604575,3.29680723918919,-0.892915631126493,0.844984592311565,-1.05672415716339,0.290637496655482,0.990321463352591
"Mper.PacBio.PsGc_0.g2651",1.83889319637703,3.0896385814418,2.46576966815108,-0.692371085383099,2.04133867794234,-0.339175019248156,0.734477886818677,0.990321463352591
"Mper.PacBio.PsGc_0.g2665",3.41536126847745,4.0697281360174,1.51462972452104,-0.208901802547307,1.72326808206827,-0.121224204591884,0.903513453001032,0.990321463352591
"Mper.PacBio.PsGc_0.g2681",1.99627612227594,2.61249463414458,1.52902397261717,-0.247654350620283,1.50864824081202,-0.1641564573641,0.869607978018675,0.990321463352591
"Mper.PacBio.PsGc_0.g2716",24.2326191187154,7.43281170140895,6.82698925320262,1.72332456318287,1.2422002780893,1.38731619496464,0.165345366915294,0.906761501980343
"Mper.PacBio.PsGc_0.g316",53.1783124571169,45.4750824745278,50.3992869887097,0.283200191382866,0.307547548352503,0.920833844717465,0.357137181970251,0.990321463352591
"Mper.PacBio.PsGc_0.g549",10.2411121319275,5.10024339324422,9.19133769388735,1.08180973620151,1.2926609482919,0.836885911677765,0.402656700124449,0.990321463352591
"Mper.PacBio.PsGc_0.g633",3.61059421105559,5.73908018471617,5.38480978733967,-0.396126151315241,0.670898229121048,-0.590441491899913,0.554894700238049,0.990321463352591
"Mper.PacBio.PsGc_0.g647",4.31500299756717,2.56325830475694,2.6952924009328,0.862888141091431,0.905365643100458,0.953082489563485,0.340548277378248,0.990321463352591
"Mper.PacBio.PsGc_0.g651",4.89046581147558,5.63034264915389,4.1781917564619,-0.118878561584756,0.788172468090917,-0.150828107295728,0.880111313486445,0.990321463352591
"Mper.PacBio.PsGc_0.g659",3.47172515489836,2.8276716605354,2.73947742153894,0.199577571415573,0.768679963272251,0.259636755153571,0.795143981814479,0.990321463352591
"Mper.PacBio.PsGc_0.g708",13.924701476716,18.1194521256899,7.55161274242755,-0.366919943549067,1.16781499280068,-0.314193554467999,0.753374037791064,0.990321463352591
"Mper.PacBio.PsGc_0.g755",26.0609877569138,22.588356958711,27.9002826386681,0.169527834849734,0.35997218695355,0.470947037004303,0.637678557022476,0.990321463352591
"Mper.PacBio.PsGc_0.g774",1.85196867532497,1.41497388379654,1.4857577758588,0.413749342660156,1.17590623499531,0.351855726542523,0.72494646368468,0.990321463352591
"Mper.PacBio.PsGc_0.g784",0.745009894563351,3.24123042171214,1.87522798732379,-1.98959042675719,1.38330894866758,-1.43828349312248,0.150353633518713,0.906761501980343
"Mper.PacBio.PsGc_0.g795",5.40987766923503,6.62204906916663,4.86238137704188,-0.23733888877887,0.610279707320586,-0.388901819824387,0.697348775913397,0.990321463352591
"Mper.PacBio.PsGc_0.g8",4.38755419764379,3.68849186189515,3.30908958215853,0.362715887813639,1.28182121203471,0.282969172617981,0.777200468296537,0.990321463352591
"Mper.PacBio.PsGc_0.g817",10.7990993109421,12.1317517608975,10.4724816352302,-0.196130578836206,0.496070756512245,-0.395368153154509,0.692571208639667,0.990321463352591
"Mper.PacBio.PsGc_0.g831",2.26094775697625,2.74789232437359,1.69267191807291,-0.383639082852781,1.19664375360094,-0.320595901410369,0.748516643996953,0.990321463352591
"Mper.PacBio.PsGc_0.g894",5.11640833790377,6.95891204423527,2.44037357886703,-0.458123769788122,1.12001527655523,-0.409033501040406,0.682515076116528,0.990321463352591
"Mper.PacBio.PsGc_0.g940",1.73385099799934,7.26077598295211,1.78967724465431,-2.02195771418304,1.54478821456521,-1.30888991456485,0.190571643410559,0.906761501980343
"Mper.PacBio.PsGc_0.g943",4.41727785086138,2.48440327630887,1.30165537407895,0.862076097041351,1.69753496337965,0.507839965384296,0.611565579620996,0.990321463352591
"Mper.PacBio.PsGc_0.g993",2.4551893297002,5.36268500325191,2.10335236123152,-1.11418455577846,1.94300248278667,-0.573434447793646,0.566350571746754,0.990321463352591
"Mper.PacBio.PsGc_0.g995",4.70975581233847,6.27174129341336,2.0423169150214,-0.427656791666821,1.32727683922015,-0.322206173595325,0.747296507834961,0.990321463352591
"Mper.PacBio.PsGc_1.g1025",2.76487753403951,0.947434313626364,1.34000439920097,1.95052743642647,1.97038568008591,0.989921646376065,0.322212418246337,0.990321463352591
"Mper.PacBio.PsGc_1.g1050",5.06914525784106,5.32340460974932,2.12535604154641,-0.0516701222109165,1.33235919791596,-0.038780925062654,0.969065052987729,0.995042976601466
"Mper.PacBio.PsGc_1.g1181",49.6903314306364,50.4051379814575,49.9410066424965,0.0180025030932223,0.334164983422335,0.0538730985779854,0.957036269755892,0.990321463352591
"Mper.PacBio.PsGc_1.g1184",3.56860943046208,4.67326008304837,4.9404621485365,-0.402974752731478,0.887195154663343,-0.454212075678425,0.649676192369264,0.990321463352591
"Mper.PacBio.PsGc_1.g1347",2.85132581701323,6.212363217582,1.94799926075947,-1.13868789488848,1.4941579058204,-0.762093410912454,0.446004255173633,0.990321463352591
"Mper.PacBio.PsGc_1.g1415",3.23832993861572,7.16667304985249,1.97831258352457,-1.15805134461105,1.32048268268578,-0.876990936568475,0.380491560964159,0.990321463352591
"Mper.PacBio.PsGc_1.g1440",4.45784672631414,8.56855513852467,2.43850921737152,-0.967475666808612,1.54310584602936,-0.626966497015141,0.53068119662007,0.990321463352591
"Mper.PacBio.PsGc_1.g1519",2.70709841572453,6.38333081780184,2.22319234686129,-1.25511784232131,1.24519224701743,-1.00797113484095,0.313468319730556,0.990321463352591
"Mper.PacBio.PsGc_1.g1729",96.6971503956418,147.914573195454,177.155775199544,-0.628833822008661,0.51832858133514,-1.2131953449082,0.225055143492339,0.973111081140621
"Mper.PacBio.PsGc_1.g1757",1.99214135836166,3.34296930828701,2.9779952611443,-0.753631023223049,0.951894455991197,-0.791717000219632,0.428525707479059,0.990321463352591
"Mper.PacBio.PsGc_1.g1872",23.6493506054019,43.0099575042705,37.255403086348,-0.850688481247508,0.307502358176619,-2.76644539018105,0.00566710756700925,0.15301190430925
"Mper.PacBio.PsGc_1.g1899",4.2126803312097,5.45956085949273,4.25419445487132,-0.165167082519721,0.698225981321292,-0.23655247289304,0.813003994866258,0.990321463352591
"Mper.PacBio.PsGc_1.g1900",5.21326105411516,4.66899029254387,2.65313316246064,0.199122384877377,1.36662212481075,0.145704054736383,0.884155020316477,0.990321463352591
"Mper.PacBio.PsGc_1.g191",3.96474591777511,17.205739295933,4.14743117356674,-2.16421749660616,1.02654176647552,-2.10826053774381,0.0350084593868257,0.540130516253883
"Mper.PacBio.PsGc_1.g1926",17.9014587102998,25.5585208461184,7.94903841876027,-0.499904377148772,1.1586938912901,-0.431437829185562,0.666150048752355,0.990321463352591
"Mper.PacBio.PsGc_1.g1967",0.878721257599779,2.16523319396157,1.43424642622094,-1.43725030079371,1.64818163439892,-0.872021791043603,0.383196489827936,0.990321463352591
"Mper.PacBio.PsGc_1.g2041",0.348873407250324,0.819364893466716,1.53208568342431,-0.965779482481769,1.4092347326432,-0.685321941129231,0.493140789266494,0.990321463352591
"Mper.PacBio.PsGc_1.g2085",2.46559376293787,1.01697071067722,2.0477038099371,1.02552318365506,1.14750644917443,0.893697098079815,0.371483978459399,0.990321463352591
"Mper.PacBio.PsGc_1.g2226",12.7792043732733,15.6316913714295,12.5140059808679,-0.254715199497887,0.416777894310974,-0.61115333364546,0.541098074353749,0.990321463352591
"Mper.PacBio.PsGc_1.g2280",2.12998748531237,2.68890654983957,1.68682064735391,-0.374495290880222,1.24609848527165,-0.300534263789415,0.763769664899435,0.990321463352591
"Mper.PacBio.PsGc_1.g2331",3.54907263151388,5.26127573775899,3.08050909335058,-0.541514166659112,1.20829583380203,-0.448163563516709,0.654035156860547,0.990321463352591
"Mper.PacBio.PsGc_1.g2333",0.878721257599779,5.2968017723977,1.33732215509526,-2.7100660483861,1.82287882033938,-1.48669566959011,0.137095206944703,0.850767558568847
"Mper.PacBio.PsGc_1.g2361",1.58454594925211,5.8833218172411,4.32646043124074,-1.87607276971535,1.08618467039101,-1.72721344800418,0.0841293365373103,0.741711701716695
"Mper.PacBio.PsGc_1.g2369",3.09654069842761,5.79118918310999,1.91037463743307,-0.920633908260877,1.7175469876324,-0.536016723204732,0.591946992730776,0.990321463352591
"Mper.PacBio.PsGc_1.g2379",2.10631592244988,2.08274693699291,1.31059095855271,0.0113849138947417,1.83250871661642,0.00621274747099871,0.995042976601466,0.995042976601466
"Mper.PacBio.PsGc_1.g2439",3.84155059299096,2.42494594548635,1.81301039239912,0.691748936685992,1.56218106621232,0.442809704743902,0.657903383178954,0.990321463352591
"Mper.PacBio.PsGc_1.g2587",2.80162457584994,3.26331310246849,1.57102752841039,-0.108004672521854,1.68327104138714,-0.0641635659773781,0.94883998772799,0.990321463352591
"Mper.PacBio.PsGc_1.g2651",8.3898687611785,1.89852179344938,2.3715180684957,2.27729080958285,1.36186337513488,1.6721874243496,0.0944873695010785,0.770161200461621
"Mper.PacBio.PsGc_1.g2668",6.25857764898666,0,1.67835864473407,4.84329206654211,1.43085522465617,3.38489316255314,0.000712059634735204,0.0279645238368735
"Mper.PacBio.PsGc_1.g2784",1.59738854359037,2.60609067178896,1.53188783995543,-0.548288831996902,1.17737334046872,-0.465688166319976,0.64143872399744,0.990321463352591
"Mper.PacBio.PsGc_1.g2844",6.3963437302751,2.31587878884212,1.69665324117257,1.73170168726601,1.54284664469258,1.12240687901361,0.261689480959329,0.990321463352591
"Mper.PacBio.PsGc_1.g2858",5.37744978963863,19.7423947633383,4.39272890317497,-1.87968946879101,1.15148802931704,-1.6324003558299,0.1025951742343,0.779925713273368
"Mper.PacBio.PsGc_1.g2869",4.71216241408672,7.42384588626582,7.76430506543585,-0.673125505088306,0.71242864831239,-0.944832169063968,0.344744565721606,0.990321463352591
"Mper.PacBio.PsGc_1.g2915",3.65131592545575,2.9949202815304,2.4852097842724,0.455417656267988,0.954771706699443,0.476991151992055,0.633368422198772,0.990321463352591
"Mper.PacBio.PsGc_1.g2936",7.32784650439361,1.18457089043024,1.60634009055378,2.54829203593047,1.70545412177556,1.49420145836431,0.135122971559078,0.850767558568847
"Mper.PacBio.PsGc_1.g2945",14.27872532471,2.89248551565652,4.66472008687889,2.33147578163581,1.05563044072026,2.20860984270692,0.0272017901448085,0.489632222606553
"Mper.PacBio.PsGc_1.g2946",4.23630340776225,0.881573020448214,2.35202803392894,2.5432309879768,1.42824966632933,1.78066275661245,0.0749675608583133,0.723602388676389
"Mper.PacBio.PsGc_1.g2950",13.4489225160539,33.8800627269453,11.2839807547345,-1.32027956910463,0.877064071761267,-1.50533993081409,0.132236704074933,0.850767558568847
"Mper.PacBio.PsGc_1.g3002",0.822325811826536,2.1459013093642,2.13088343968602,-1.72548911056701,1.09442699369505,-1.57661417390788,0.114884329378497,0.787778258595406
"Mper.PacBio.PsGc_1.g3056",1.55287655490021,1.66173677540351,3.38077455111985,-0.109725807318851,1.89801846524792,-0.0578107164539723,0.95389940196112,0.990321463352591
"Mper.PacBio.PsGc_1.g3088",3.78790623859027,4.36632204364379,1.72452179251256,-0.157512579171156,1.51695440003777,-0.103834748867358,0.917300489897626,0.990321463352591
"Mper.PacBio.PsGc_1.g3136",0.396136487313028,2.52725758101694,1.55995269202434,-2.33108528353623,2.32572363053016,-1.00230536979359,0.316196129872335,0.990321463352591
"Mper.PacBio.PsGc_1.g3156",1.20400314764989,5.59341761770015,1.28634110997347,-2.08263403597448,1.52263356177958,-1.36778413943563,0.171379653733823,0.906761501980343
"Mper.PacBio.PsGc_1.g3236",9.28847130735078,0.385053313201511,1.90466576413084,4.33525407479739,1.60438756389936,2.70212395829149,0.00688980706458103,0.175082155994059
"Mper.PacBio.PsGc_1.g3238",3.76009991181349,7.09666509651313,2.4037166283528,-0.915817092490018,1.45275492504835,-0.630400266899483,0.528432736249737,0.990321463352591
"Mper.PacBio.PsGc_1.g3244",17.3752108300568,10.2228244129506,11.0238330664139,0.824989160844398,0.433051307236676,1.90506101022694,0.0567721408935371,0.637457447939427
"Mper.PacBio.PsGc_1.g3351",0,1.0824011901062,1.6932083457606,-1.45249086930272,1.97923715633677,-0.73386398625975,0.463031638200486,0.990321463352591
"Mper.PacBio.PsGc_1.g352",0.925984337662483,3.14224233129625,2.25522389011767,-1.88100203520834,1.43851037112328,-1.30760408334042,0.191007631204193,0.906761501980343
"Mper.PacBio.PsGc_1.g381",12.2931738183209,7.90055901981386,8.20093547596247,0.688410763513702,0.51071759783576,1.347928417644,0.177681406982301,0.906761501980343
"Mper.PacBio.PsGc_1.g420",98.2227556883564,115.30664247726,113.294106779301,-0.244546028892764,0.367939560239592,-0.664636411299513,0.506283074483163,0.990321463352591
"Mper.PacBio.PsGc_1.g421",60.3517993047307,80.5470348206895,101.693257975191,-0.446811973758775,0.441106961182905,-1.01293339955591,0.31109197374181,0.990321463352591
"Mper.PacBio.PsGc_1.g428",0.472148777696749,3.6556593061003,3.79482145429146,-2.2344626724459,1.13355527205869,-1.97119869451784,0.0487011531963083,0.605079160697696
"Mper.PacBio.PsGc_1.g429",18.360261260779,44.1405804265127,50.5037035990886,-1.26633941835977,1.10400590437891,-1.14704044003478,0.251364907682228,0.990321463352591
"Mper.PacBio.PsGc_1.g521",16.2107772623817,10.8717271953228,5.56587235434647,0.593567632037307,1.16321580749685,0.510281607429852,0.609854186373058,0.990321463352591
"Mper.PacBio.PsGc_1.g549",293.6040910945,311.490068228251,304.452428040953,-0.0894141261030299,0.141658325136935,-0.631195702875897,0.527912571314227,0.990321463352591
"Mper.PacBio.PsGc_1.g559",22.2057546921845,23.482103196105,18.1071038998523,-0.0239136138886331,0.396487849252795,-0.0603136109560477,0.951905861706395,0.990321463352591
"Mper.PacBio.PsGc_1.g570",1.21846229913956,3.91554937247069,1.78068067518168,-1.63998757769203,1.55235473692862,-1.05645155625756,0.29076196215192,0.990321463352591
"Mper.PacBio.PsGc_1.g618",38.1769939796161,55.8265452721281,17.762169879212,-0.543366981019207,0.949660822363073,-0.572169524343574,0.567207131800411,0.990321463352591
"Mper.PacBio.PsGc_1.g650",4.93937700804204,4.79435279189666,2.29780276052934,0.0808731691662148,1.02394682812154,0.0789818054464597,0.93704709499834,0.990321463352591
"Mper.PacBio.PsGc_1.g677",2.09080228240135,1.82032726466127,3.35093918609799,-0.0161332616013706,0.997276038681919,-0.0161773280171191,0.987092922719022,0.995042976601466
"Mper.PacBio.PsGc_1.g679",0.844613702147288,2.48869500448943,1.76706317421217,-1.54637998607435,1.15764677060834,-1.33579605224634,0.181615943681553,0.906761501980343
"Mper.PacBio.PsGc_1.g706",3.06648786122713,2.65807779733556,1.53663488499076,0.340659697874735,1.80160909071566,0.189086355986033,0.850025134935864,0.990321463352591
"Mper.PacBio.PsGc_1.g790",47.7869500041169,59.6503476097518,62.0576169745451,-0.357519798969847,0.260719678141368,-1.37128045538623,0.170287545961436,0.906761501980343
"Mper.PacBio.PsGc_1.g821",1.3954936290013,2.71833943834133,2.01195018495288,-0.980694512857944,2.05036148664584,-0.478303225672781,0.63243440084516,0.990321463352591
"Mper.PacBio.PsGc_1.g897",2.69402293677659,2.54295823709372,2.3666863168536,0.431365687581674,1.2840982250656,0.33592888702859,0.73692449291928,0.990321463352591
"Mper.PacBio.PsGc_1.g899",14.0862191665292,3.23100942027725,3.3324738953335,2.24800889888228,1.15725686712274,1.9425323476122,0.0520726878785927,0.607983815231136
"Mper.PacBio.PsGc_1.g931",1.32212082497551,2.10864665682852,1.38700177903242,-0.574063889195433,2.21753119540202,-0.25887522592049,0.795731513601963,0.990321463352591
"Mper.PacBio.PsGc_1.g965",5.63582019566322,8.87077063599951,3.31153359149708,-0.629283743650054,1.09806001991033,-0.573086837003174,0.566585899255373,0.990321463352591
"Mper.PacBio.PsGc_1.g98",0.902392820462268,1.56962420363175,1.3917071149538,-0.755864902641722,1.31042266361083,-0.576810004612528,0.564067810379399,0.990321463352591
"Mper.PacBio.PsGc_1.g989",2.95100967025944,1.76679920709308,1.78016359606036,0.928300871286181,1.01127640295493,0.917949700570193,0.358645199927973,0.990321463352591
"Mper.PacBio.PsGc_10.g1023",3.07956334017507,3.17885842184803,1.82809383255354,-0.119623703215245,1.64883489533327,-0.0725504436822747,0.94216386294727,0.990321463352591
"Mper.PacBio.PsGc_10.g1087",2.89858889707594,7.36384805331383,2.96154942160004,-1.36109570151681,1.56920648332181,-0.867378331649221,0.385734750261467,0.990321463352591
"Mper.PacBio.PsGc_10.g1088",0.878721257599779,2.48167441782596,1.34463689119231,-1.70972778691996,1.6559235442398,-1.03249198483066,0.301841700519935,0.990321463352591
"Mper.PacBio.PsGc_10.g1115",2.39879388392696,2.55350885961056,1.42889836085273,-0.0774037810926307,1.47779923251341,-0.0523777380510504,0.958227712225423,0.990321463352591
"Mper.PacBio.PsGc_10.g1150",1.04662022175097,2.25367066186062,2.05239283193847,-0.942330733444891,2.076695608558,-0.453764494691265,0.649998341139244,0.990321463352591
"Mper.PacBio.PsGc_10.g1209",1.82837715812475,2.99387284347338,1.67767439515852,-0.598870994457251,1.65953602844415,-0.360866521842678,0.718199231292694,0.990321463352591
"Mper.PacBio.PsGc_10.g1239",5.62108934783439,2.20535864018673,3.07609406880664,1.19358657210549,0.90073344227864,1.32512740848835,0.185128896845314,0.906761501980343
"Mper.PacBio.PsGc_10.g1264",12.0099876406322,4.68516250490915,3.43095561723596,1.49595249645955,1.18517652178481,1.26221914538666,0.20686994139011,0.92131767711884
"Mper.PacBio.PsGc_10.g1266",64.632866051083,57.4747011488649,62.639410933739,0.190363151786464,0.237158774829562,0.802682303968181,0.422158383639967,0.990321463352591
"Mper.PacBio.PsGc_10.g1334",3.63446642592875,10.0115391010152,3.44625284330854,-1.42697282013574,1.2343585455086,-1.15604402410304,0.247663150132197,0.990321463352591
"Mper.PacBio.PsGc_10.g1339",2.09579988419761,8.40351806905524,2.28665758869608,-2.07634490015137,1.54881389567224,-1.34060322286181,0.180049310329449,0.906761501980343
"Mper.PacBio.PsGc_10.g1405",1.30491058211329,2.00358422513895,1.50663170752237,-0.564727830255288,1.97650158235075,-0.285720909761999,0.775091888355643,0.990321463352591
"Mper.PacBio.PsGc_10.g1418",2.01073527376562,1.40524637632621,1.87261015839571,0.376012543235131,1.18296080219981,0.317857145000836,0.750593301294176,0.990321463352591
"Mper.PacBio.PsGc_10.g1433",1.12393613901416,4.2144005822915,1.39656561115685,-1.81034480278633,1.71131193144586,-1.05786956166244,0.290114913846584,0.990321463352591
"Mper.PacBio.PsGc_10.g1446",4.48313484632805,5.68825904795483,3.01959901190716,-0.285662192321291,1.30243348298209,-0.219329582703318,0.826393319201633,0.990321463352591
"Mper.PacBio.PsGc_10.g322",5.00490481952582,2.12194807550433,1.48011622174202,1.36638061792037,1.52458482284557,0.896231287000538,0.370129248998423,0.990321463352591
"Mper.PacBio.PsGc_10.g323",5.3146730695274,10.9071739749703,2.92395011174448,-0.995757058360079,1.07846791519698,-0.923307076945545,0.355847200916371,0.990321463352591
"Mper.PacBio.PsGc_10.g545",60.3062742532537,62.5312731030755,52.0543432802231,-0.0719404236048471,0.244425229772992,-0.294324868474753,0.768509671498486,0.990321463352591
"Mper.PacBio.PsGc_10.g564",2.08674756414934,0.569278456745039,2.64552961936083,1.54053086670974,1.13591828540362,1.35619866895826,0.175035965424532,0.906761501980343
"Mper.PacBio.PsGc_10.g659",2.57976832702609,3.10628548290837,1.63409528945464,-0.284072219653223,1.30809158289594,-0.217165390686427,0.828079455281873,0.990321463352591
"Mper.PacBio.PsGc_10.g662",3.5817649550723,2.9293886094342,3.50968493805602,0.152785993845361,0.820708399796236,0.186163555634735,0.852316502715721,0.990321463352591
"Mper.PacBio.PsGc_10.g673",4.73334732953868,2.62577411514433,1.58183017214662,0.857770140971746,1.43436598332425,0.598013443531198,0.549830962946891,0.990321463352591
"Mper.PacBio.PsGc_10.g692",8.09506424361544,6.53810113516755,3.03727115773964,0.349869775476707,1.31230486363978,0.266607085876612,0.789771699320015,0.990321463352591
"Mper.PacBio.PsGc_10.g728",20.7404616277258,16.6007852644908,18.4402003152484,0.275820803595118,0.341672897821499,0.807265678237131,0.419513433424856,0.990321463352591
"Mper.PacBio.PsGc_10.g747",181.107925447471,187.727021735486,172.596913604062,-0.0644049024572118,0.170806596225563,-0.377063321208979,0.706126548247181,0.990321463352591
"Mper.PacBio.PsGc_10.g750",27.3446489583771,32.7426640200599,54.4502717819399,-0.216001597160952,0.330287766880536,-0.65398001022266,0.513124684358315,0.990321463352591
"Mper.PacBio.PsGc_10.g751",162.487598931362,233.947888376664,280.012316613692,-0.522691027897068,0.227393170678718,-2.29862236555721,0.0215263924058317,0.44282864377711
"Mper.PacBio.PsGc_10.g794",1.47280954626448,2.57651584808064,1.30602181424763,-0.772871926656049,1.91313945110042,-0.403980967624445,0.686226714818314,0.990321463352591
"Mper.PacBio.PsGc_10.g841",14.9027305385854,22.9083691382967,12.3601883650447,-0.564674894786093,0.537596136469783,-1.05037007612095,0.2935479980276,0.990321463352591
"Mper.PacBio.PsGc_10.g869",2.23502968369005,3.10899240371522,1.97691524150176,-0.385130144857058,1.95337479728129,-0.197161417969088,0.843701221956414,0.990321463352591
"Mper.PacBio.PsGc_10.g881",9.33581443307575,9.05185804498701,6.56717071883551,0.0568030981006045,0.953650301306437,0.0595638653107833,0.952502998550789,0.990321463352591
"Mper.PacBio.PsGc_10.g890",8.68363409582412,4.5340453537401,3.21776326648438,0.981122378223028,1.31976281680408,0.74340810767718,0.457234637145871,0.990321463352591
"Mper.PacBio.PsGc_10.g920",1.32212082497551,1.60558105201963,1.45555804885897,-0.286141777127632,2.12959203968547,-0.134364597441815,0.893114274885293,0.990321463352591
"Mper.PacBio.PsGc_10.g935",2.32147796666378,4.32712090513237,1.71343085806501,-0.911926108458456,1.7012719693273,-0.536026058678344,0.591940540856381,0.990321463352591
"Mper.PacBio.PsGc_10.g939",2.81860193410248,3.08276306279767,1.57584508002544,-0.0132701689868502,1.69672378235597,-0.00782105439014007,0.993759765071015,0.995042976601466
"Mper.PacBio.PsGc_2.g1002",0.925984337662483,3.2448835879088,2.03283351044945,-2.03116278786021,2.07941056743567,-0.976797376943721,0.328669474918764,0.990321463352591
"Mper.PacBio.PsGc_2.g1007",19.172414575908,24.4270656495996,8.93321537267571,-0.342571261894298,1.1437310904944,-0.299520809341831,0.764542696838683,0.990321463352591
"Mper.PacBio.PsGc_2.g1038",0.157382925898916,2.04738477523681,2.26546560722199,-2.14695745031876,1.2098758361623,-1.77452709290308,0.075976004741889,0.723602388676389
"Mper.PacBio.PsGc_2.g1049",7.02071774074997,1.0105667483216,1.93984388619111,2.75890257569888,1.45751776658949,1.89287749277634,0.0583741630293281,0.637457447939427
"Mper.PacBio.PsGc_2.g1066",24.9863066308437,18.6689590217404,23.4527142090566,0.431203632528849,0.314560337114719,1.37081374112207,0.170433026278403,0.906761501980343
"Mper.PacBio.PsGc_2.g1074",2.9915785457122,2.36928371606703,2.22645066275515,0.598529452939893,1.05648966095123,0.566526559664575,0.571035883158575,0.990321463352591
"Mper.PacBio.PsGc_2.g1079",4.60471361396078,6.43256714718947,2.63202209079915,-0.467970480213404,1.12361710700644,-0.416485720353777,0.677054614332885,0.990321463352591
"Mper.PacBio.PsGc_2.g1081",6.74640915939028,5.40527882202517,5.84137263731782,-0.0231808580446495,0.628641222897694,-0.0368745433807194,0.970585037378294,0.995042976601466
"Mper.PacBio.PsGc_2.g1124",3605.72451707903,2269.1663664279,2913.82258080209,0.669546948674253,0.168591541197014,3.97141484039123,7.14470409485422e-05,0.00617302433795405
"Mper.PacBio.PsGc_2.g1125",7.72753380225648,7.40508675062418,7.05031986978626,0.0327938981457365,0.518768883753954,0.0632148518786069,0.949595418344592,0.990321463352591
"Mper.PacBio.PsGc_2.g1156",1.75744251519956,4.29356329414546,1.34800407025622,-1.32241982360143,1.8869901289638,-0.700809083896802,0.4834221683005,0.990321463352591
"Mper.PacBio.PsGc_2.g1168",0.745009894563351,2.49829938161647,1.37534797712834,-1.77038056056303,1.36872307209989,-1.29345416662475,0.19585402630718,0.918432834682757
"Mper.PacBio.PsGc_2.g1203",60.4401917075225,65.0832773011647,56.9631778975121,-0.150056044639216,0.210862866969131,-0.71162858968992,0.476694798320491,0.990321463352591
"Mper.PacBio.PsGc_2.g1237",2.50245240976291,2.85890596699355,1.54076768807868,-0.113416755505819,1.92269984378454,-0.0589882793575181,0.952961443573793,0.990321463352591
"Mper.PacBio.PsGc_2.g1241",4.42779388911366,3.1029400001176,1.61870409266605,0.511279895214755,1.51580645632275,0.337298929610769,0.735891566520519,0.990321463352591
"Mper.PacBio.PsGc_2.g125",3.52804055500933,6.10976270350879,1.90181793496432,-0.781302282244962,1.5878419566094,-0.492052926925623,0.6226819283867,0.990321463352591
"Mper.PacBio.PsGc_2.g1250",3.03238030577464,8.71082960489388,5.17178386228203,-1.4896871790834,0.701598118876905,-2.12327704280057,0.0337306432767033,0.539690292427253
"Mper.PacBio.PsGc_2.g1260",3.18968318601128,2.68798224212583,1.50976721102308,0.313289120779655,1.50349151331638,0.208374385891015,0.834936654469905,0.990321463352591
"Mper.PacBio.PsGc_2.g1384",2.47886089256269,2.38268632741007,1.87577429286658,0.135814702977354,1.16039339070995,0.117041948070955,0.906826812146583,0.990321463352591
"Mper.PacBio.PsGc_2.g1404",2.13644880531264,4.74447790052512,1.42654780213026,-1.08575197667165,1.86148925200242,-0.583270612765398,0.559711142278537,0.990321463352591
"Mper.PacBio.PsGc_2.g1417",0.396136487313027,1.12203314236679,1.48540203624849,-0.932699025145496,1.9476188232565,-0.478891975168932,0.632015480165132,0.990321463352591
"Mper.PacBio.PsGc_2.g1442",1.57646807210043,8.51019448401156,3.31096451586642,-2.54313223249505,1.45457462567202,-1.74836834605176,0.0804002654084876,0.723602388676389
"Mper.PacBio.PsGc_2.g1462",2.00935160122388,1.88557193353157,1.41033563817299,0.0257419786047807,2.13266006595963,0.0120703618057375,0.990369478523411,0.995042976601466
"Mper.PacBio.PsGc_2.g1468",9.1676025386526,5.41321913678734,3.45718839506888,0.736381881656515,1.37637238814175,0.535016459208913,0.592638475925281,0.990321463352591
"Mper.PacBio.PsGc_2.g1505",2.79493037123999,5.62009971004294,1.77784629812388,-1.01114613908237,1.40976307662406,-0.717245440633717,0.473222665481855,0.990321463352591
"Mper.PacBio.PsGc_2.g1527",9.45637027150197,8.97583306768908,3.47108637507543,0.0947234882289992,1.28004365110851,0.0740002015923202,0.941010224854593,0.990321463352591
"Mper.PacBio.PsGc_2.g1559",0.157382925898916,0.342199008493441,1.35690455786098,0.047757483197703,1.43423736683156,0.0332981724658355,0.973436811114161,0.995042976601466
"Mper.PacBio.PsGc_2.g1590",3.97523039667505,3.95297103070178,5.27593429633076,-0.101680559936381,0.911735191019448,-0.111524224290046,0.911200657213226,0.990321463352591
"Mper.PacBio.PsGc_2.g1591",8.14187122903924,11.8291013442692,14.3171979520532,-0.56209455860742,0.643079742195684,-0.874066654141905,0.382081955871459,0.990321463352591
"Mper.PacBio.PsGc_2.g1716",8.08446815970089,3.13249288614987,1.98829029976825,1.42355513172667,1.79358443520337,0.793692844220771,0.427374267068576,0.990321463352591
"Mper.PacBio.PsGc_2.g1725",0.348873407250324,0,21.3425279817227,1.18842605407533,3.15336313867776,0.376875736098585,0.706265953934751,0.990321463352591
"Mper.PacBio.PsGc_2.g1750",1.4900197891267,9.02236247626986,2.07788365710152,-2.60509576209473,1.47445996388189,-1.76681349504814,0.0772594679075845,0.723602388676389
"Mper.PacBio.PsGc_2.g1807",2.88137865421371,5.11990489892353,1.41533008424897,-0.827984249645006,1.75745545346493,-0.471126734969349,0.637550234315183,0.990321463352591
"Mper.PacBio.PsGc_2.g2020",7.57167771326625,11.8845127333869,3.43449455443164,-0.620113392488769,1.10014853376356,-0.563663335865559,0.572983274020931,0.990321463352591
"Mper.PacBio.PsGc_2.g257",8.07647032821148,9.26493295704679,4.66255605950473,-0.138560404945535,1.23870992974838,-0.111858637456536,0.91093549323807,0.990321463352591
"Mper.PacBio.PsGc_2.g29",4.76753493065344,5.55054137531603,2.07187733909391,-0.186769272799275,1.71663692441629,-0.108799519655435,0.913361504817326,0.990321463352591
"Mper.PacBio.PsGc_2.g304",6.51312622136892,3.47106066612271,3.3649457995606,1.12851963585062,0.809150307520655,1.39469715992391,0.163107181702768,0.906761501980343
"Mper.PacBio.PsGc_2.g392",11.791003762776,1.92842623823964,2.83662089567695,2.59675739806024,1.38336123148154,1.87713616585828,0.0604994337164734,0.637457447939427
"Mper.PacBio.PsGc_2.g433",3.94528916448918,5.55653646159853,2.46863789016281,-0.383259443385925,1.28808852754152,-0.297541228876111,0.766053336307097,0.990321463352591
"Mper.PacBio.PsGc_2.g59",4.47505696917636,4.35304256264404,2.53381371944723,0.0843043180819326,1.34535348378036,0.0626633216461764,0.950034605052825,0.990321463352591
"Mper.PacBio.PsGc_2.g605",4.51818528532478,4.80761033522036,2.18789870759768,-0.115739434298925,1.26686988415266,-0.091358580503582,0.927207672036816,0.990321463352591
"Mper.PacBio.PsGc_2.g634",4.0853818018636,6.89676123456888,2.37306437876353,-0.745755058612116,1.25342135899006,-0.594975546940581,0.551859816584838,0.990321463352591
"Mper.PacBio.PsGc_2.g690",3.00870874291215,2.13855110161878,1.37538284528572,0.729692492482353,1.34811127294755,0.541270225333057,0.588321339908053,0.990321463352591
"Mper.PacBio.PsGc_2.g691",12.5566211985573,24.114512640743,8.9395770739819,-0.940558646250847,1.02469318823642,-0.917892943027782,0.358674916575877,0.990321463352591
"Mper.PacBio.PsGc_2.g713",1.94901304221324,5.62102401775668,2.04984368067661,-1.4954244194636,1.25790448529159,-1.18882191529586,0.234509752247853,0.985224869593647
"Mper.PacBio.PsGc_2.g714",4.93263499036882,1.52038787424411,2.5898725839442,1.42855264956436,0.880504250917957,1.62242561359022,0.104712248541332,0.779925713273368
"Mper.PacBio.PsGc_2.g725",10.3480633286589,6.95041778538064,10.1366521411025,0.637708263150038,0.457715992238741,1.39324007455133,0.163547205089479,0.906761501980343
"Mper.PacBio.PsGc_2.g735",2.10631592244988,2.57329349563316,2.00707135413516,-0.311683353658197,1.71871138285636,-0.181347116663767,0.8560951253242,0.990321463352591
"Mper.PacBio.PsGc_2.g752",3.28420934613669,0.924858138905459,1.44249194549922,1.68720261235416,1.8479215564681,0.913027182592575,0.36122824541532,0.990321463352591
"Mper.PacBio.PsGc_2.g760",7.30279126898938,3.76348597591184,2.46682942643623,1.10656990250442,1.36865688782519,0.808507897302714,0.418798261675782,0.990321463352591
"Mper.PacBio.PsGc_2.g815",3.38527687192464,2.12299551356135,2.80762168071861,0.763958361277891,0.912087387595344,0.837593383778735,0.402259109965741,0.990321463352591
"Mper.PacBio.PsGc_2.g816",6.00025572927201,10.9035473260648,6.69991507356904,-0.756895422770355,0.509424316960477,-1.48578581267269,0.137335783960984,0.850767558568847
"Mper.PacBio.PsGc_2.g820",4.96942984524252,1.39834892000602,2.00730014936458,2.02015963683167,1.76518646224374,1.14444546230195,0.2524389433608,0.990321463352591
"Mper.PacBio.PsGc_2.g889",12.5739121603285,11.5946789264892,11.1210111320371,0.112634915595035,0.436295173812673,0.258162185501038,0.796281740522024,0.990321463352591
"Mper.PacBio.PsGc_2.g893",0.348873407250324,2.03351060760527,1.78885373846443,-2.02635982668567,1.20237654337222,-1.68529554061533,0.0919315656778073,0.770161200461621
"Mper.PacBio.PsGc_2.g920",1.04662022175097,3.32677515824567,1.2917512969825,-1.59866579455809,1.96100289949982,-0.81522867455517,0.414941427214032,0.990321463352591
"Mper.PacBio.PsGc_2.g940",2.12723639393982,1.01058868599766,1.83650635801752,0.589072708340778,1.13539589094657,0.518825823695445,0.603882208099079,0.990321463352591
"Mper.PacBio.PsGc_2.g973",1.43224067081172,2.251416492479,3.58468032031131,-0.996143326779007,0.999058931980384,-0.997081648431292,0.318724879957381,0.990321463352591
"Mper.PacBio.PsGc_2.g978",6.974838333229,8.1828833256986,3.66519628226741,-0.175001419528132,1.07475918208178,-0.162828494462507,0.87065347232723,0.990321463352591
"Mper.PacBio.PsGc_2.g991",3.47546694287842,2.31347955144116,1.35533079311583,0.562878738748743,1.94751561823442,0.289023992145972,0.772563017614357,0.990321463352591
"Mper.PacBio.PsGc_3.g1016",10.6282486034077,17.5651625344638,12.2052505188713,-0.658647299920154,0.545780689997081,-1.20679846684146,0.227509766655562,0.973111081140621
"Mper.PacBio.PsGc_3.g1022",2.89858889707594,5.33035938338462,2.06252364339999,-0.880844485236072,1.6472630248945,-0.534732141694545,0.592835092401167,0.990321463352591
"Mper.PacBio.PsGc_3.g1100",20.2175395201026,3.26731782742314,5.77523347085873,2.64983280777879,1.10219774346707,2.40413557683713,0.0162107599705616,0.35015241536413
"Mper.PacBio.PsGc_3.g1101",12.2171930872895,2.16845554640905,4.13889691659205,2.59821650091379,1.26397553869463,2.05559080961099,0.039821974400385,0.573436431365544
"Mper.PacBio.PsGc_3.g1106",25.0847898633546,1.94137609815745,5.52839788756046,3.87031364179364,1.21788479465947,3.17789799065174,0.00148346934192961,0.0492968273625839
"Mper.PacBio.PsGc_3.g1128",3200.01518569063,2204.78590664445,2776.69337753803,0.537820979719731,0.160303135315983,3.35502470778004,0.000793578962321711,0.0285688426435816
"Mper.PacBio.PsGc_3.g1129",12.9323199105573,20.0662377827281,15.7286356315747,-0.685255932724764,0.434415412866221,-1.57742085669458,0.114698719493301,0.787778258595406
"Mper.PacBio.PsGc_3.g1130",1.72333495974707,0.793113614873101,2.26788251547333,1.02266474091386,1.68809983562276,0.605808210707269,0.544642116827754,0.990321463352591
"Mper.PacBio.PsGc_3.g1137",3.81544086902788,4.72387014945601,3.13071238172517,-0.248422779170521,1.91545171103305,-0.129694096561975,0.896808453379997,0.990321463352591
"Mper.PacBio.PsGc_3.g1157",4.15623639912652,3.98494383431499,1.79921833090961,0.022350824136947,1.33032898548026,0.0168009750827749,0.986595392003945,0.995042976601466
"Mper.PacBio.PsGc_3.g1164",1.830783759873,2.33653041526335,2.3312988296252,-0.39189395033906,0.892140910653615,-0.439273600906771,0.660463300260596,0.990321463352591
"Mper.PacBio.PsGc_3.g1169",3.33123954158971,2.63277276413174,2.71083269995399,0.378274539148781,1.25347521493671,0.301780629278642,0.762819298426615,0.990321463352591
"Mper.PacBio.PsGc_3.g1237",4.59558124825024,4.01086549182666,3.20368342844015,0.292780932451418,0.734927780425627,0.398380548741614,0.690349693758843,0.990321463352591
"Mper.PacBio.PsGc_3.g1250",30.807835100687,39.2031371716491,37.5640030196077,-0.350410019130116,0.289244925417405,-1.21146470806513,0.225717352611848,0.973111081140621
"Mper.PacBio.PsGc_3.g1299",6.9275752531663,16.0191592393117,4.12601236769298,-1.22301059418543,1.08715922000009,-1.124959961417,0.260606001137068,0.990321463352591
"Mper.PacBio.PsGc_3.g1308",2.97590481433912,4.04713002362043,1.90275902538181,-0.446677696129675,1.88559417147942,-0.236889624971218,0.812742419012154,0.990321463352591
"Mper.PacBio.PsGc_3.g1342",0.925984337662483,2.49415272145526,1.70782005221208,-1.59731861466581,1.68322789076158,-0.948961589475025,0.342640148057497,0.990321463352591
"Mper.PacBio.PsGc_3.g1357",47.8496379520549,64.2038917462087,47.9473788106976,-0.401537956909893,0.283571824126549,-1.41600089552867,0.156775242265864,0.906761501980343
"Mper.PacBio.PsGc_3.g1431",2.99563326396421,2.96261659933917,1.31318593291514,0.0109695016973115,1.53909431505365,0.00712724463343181,0.994313329690843,0.995042976601466
"Mper.PacBio.PsGc_3.g1442",12.1162056071638,15.0989983825409,5.7652284192324,-0.301138010062991,1.14777569094499,-0.262366603891965,0.793038817295999,0.990321463352591
"Mper.PacBio.PsGc_3.g1453",4.19042400024128,1.89852179344938,1.4210094359927,1.22373387144738,1.76064460115509,0.695048773980017,0.487024735929766,0.990321463352591
"Mper.PacBio.PsGc_3.g1463",1.65378398936361,2.09569679691071,1.43657470499794,-0.155879947256525,1.35558827255996,-0.114990628358088,0.908452550254998,0.990321463352591
"Mper.PacBio.PsGc_3.g1511",12.021383443724,14.9874134377675,12.6714205382997,-0.278722405776685,0.522568419678046,-0.53337016796462,0.593777363922998,0.990321463352591
"Mper.PacBio.PsGc_3.g1528",6.19163460560881,8.00309497835497,5.53692557230834,-0.207824968986354,0.662268446455002,-0.313807746841635,0.753667060263965,0.990321463352591
"Mper.PacBio.PsGc_3.g1544",4.56958312930177,3.65201958186665,1.58994263388484,0.386505652469503,1.6778815552621,0.230353359125595,0.817817200636973,0.990321463352591
"Mper.PacBio.PsGc_3.g1553",3.30118670438923,2.96797312363777,1.71654146622857,0.172002135570177,1.39605121334048,0.123206178918472,0.901943832780866,0.990321463352591
"Mper.PacBio.PsGc_3.g1572",1.59738854359037,6.09359049114351,1.49885444653043,-1.94283241949905,1.56135517650045,-1.24432444887628,0.213380176348054,0.940614654922033
"Mper.PacBio.PsGc_3.g1602",8.94861866079638,8.85113106799625,8.14815875008077,0.0104142042109028,0.654370938780007,0.0159148330002533,0.987302336478348,0.995042976601466
"Mper.PacBio.PsGc_3.g1692",2.31742324841177,3.84741197223486,3.39315197632077,-0.689464461212356,0.815509975482332,-0.845439641378479,0.397865419364899,0.990321463352591
"Mper.PacBio.PsGc_3.g1725",4.28495016036669,7.10645528419885,2.15873300199791,-0.680499498928065,1.33059286228938,-0.511425784861957,0.609052943498316,0.990321463352591
"Mper.PacBio.PsGc_3.g1736",2.73715125292501,2.26163749391389,2.47763985778201,-0.0708589227878737,0.917555741432596,-0.0772257418140509,0.938443963786161,0.990321463352591
"Mper.PacBio.PsGc_3.g1815",1.53728286918941,2.53000837717591,1.3531252453317,-0.672419146307678,2.23228783430944,-0.301224213102291,0.76324352738832,0.990321463352591
"Mper.PacBio.PsGc_3.g1864",4.37006325710862,5.11773534743336,6.80029069627422,-0.24093899179977,0.60905508953934,-0.395594743296545,0.692404015661787,0.990321463352591
"Mper.PacBio.PsGc_3.g1908",18.5652095743625,24.9983189849282,7.82857515604516,-0.421492016518717,1.06887213065898,-0.394333432810956,0.693334883028019,0.990321463352591
"Mper.PacBio.PsGc_3.g1953",131.806973451616,148.287240999242,162.424645112806,-0.18013298041715,0.225618336196318,-0.798396900952278,0.424640201116816,0.990321463352591
"Mper.PacBio.PsGc_3.g1966",1.6301924721634,3.33711929002385,2.67346053524887,-0.812869772824945,0.965074346635519,-0.842287203735966,0.399627211938609,0.990321463352591
"Mper.PacBio.PsGc_3.g1967",10.660181768475,1.14826248328435,2.98855270868171,3.66599981683754,1.38574977781045,2.64549911935038,0.00815704993478004,0.195769198434721
"Mper.PacBio.PsGc_3.g1973",5.23314234268765,4.35942458732361,1.72363785884124,0.283461701046075,1.90007632929076,0.149184375741307,0.881408148377138,0.990321463352591
"Mper.PacBio.PsGc_3.g2081",2.57976832702609,2.67562706883981,1.6135610995254,-0.0898969810872244,1.25475103018773,-0.0716452737829387,0.942884209358439,0.990321463352591
"Mper.PacBio.PsGc_3.g2092",333.441887901274,314.584347259936,301.257560071542,0.0984273537502137,0.205477527043745,0.479017609206768,0.631926101409645,0.990321463352591
"Mper.PacBio.PsGc_3.g2223",4.39124817256058,6.45670619160802,4.62797284747475,-0.597123908631392,0.657355383211237,-0.908373041252649,0.363681164014188,0.990321463352591
"Mper.PacBio.PsGc_3.g337",21.3649156838629,35.001307589941,29.6448142306858,-0.715029363474654,0.281433710794493,-2.54066707735939,0.0110641216674857,0.251563187387043
"Mper.PacBio.PsGc_3.g369",3.34844978445193,4.50568184097142,6.12843879141374,-0.430002864552448,0.827927872240387,-0.519372374055789,0.603501092341334,0.990321463352591
"Mper.PacBio.PsGc_3.g426",3.88467890913938,1.38539906008822,1.84675403932654,1.40502424611489,1.41848406874323,0.990511121749668,0.321924355781767,0.990321463352591
"Mper.PacBio.PsGc_3.g429",2.39241260958897,6.32064800171905,1.57676952891975,-1.35603131534057,1.65943251837904,-0.817165687861274,0.413833748109309,0.990321463352591
"Mper.PacBio.PsGc_3.g481",4.34502427541532,10.113590250611,9.85546894722806,-1.1463910530194,0.655003424348479,-1.75020619802056,0.0800827397219282,0.723602388676389
"Mper.PacBio.PsGc_3.g487",2.85132581701323,3.06008569540953,1.39590379014631,-0.122233913401901,1.6524184079147,-0.0739727376652484,0.94103207800401,0.990321463352591
"Mper.PacBio.PsGc_3.g510",7.01020170249769,2.96797312363777,2.07344780560264,1.25323686421249,1.24445535661311,1.0070565067302,0.313907620430658,0.990321463352591
"Mper.PacBio.PsGc_3.g56",2.68721712715203,0.250086436721677,1.55429040833492,3.00815783110278,1.53763335844863,1.95635572978061,0.0504232633914746,0.605079160697696
"Mper.PacBio.PsGc_3.g612",7.33513910292351,0.89817604656267,1.48384767030821,3.74349624359817,1.64869764738117,2.27057777970656,0.0231725498660306,0.443714942359299
"Mper.PacBio.PsGc_3.g615",175.310370709277,1.08605435630285,29.7630468187716,7.32043048203873,1.67508849675742,4.3701753645908,1.24146794917278e-05,0.0026815707702132
"Mper.PacBio.PsGc_3.g639",2.30182956270096,1.17816692807461,1.98514476277587,0.902422390747742,1.21999536269898,0.739693295842801,0.459486116956316,0.990321463352591
"Mper.PacBio.PsGc_3.g647",3.73789206715501,8.89730578500624,3.00215193530088,-1.21785914503278,1.52301502700765,-0.799636985477139,0.423921152187071,0.990321463352591
"Mper.PacBio.PsGc_3.g692",2.3109619284115,3.77771170230139,1.36232912028421,-0.769855008061486,1.30502757596386,-0.589914743750061,0.55524780898508,0.990321463352591
"Mper.PacBio.PsGc_3.g708",1.14114638187638,2.36713073935264,2.93934240749974,-1.34780157929262,1.06188709592478,-1.26925130220067,0.204351448861124,0.92131767711884
"Mper.PacBio.PsGc_3.g719",0.50625633314924,2.05284249220264,1.70645069580766,-1.08518917206974,1.21297763139686,-0.894648956403297,0.370974772717818,0.990321463352591
"Mper.PacBio.PsGc_3.g762",2.92226045993843,7.31871764154808,2.68980858763818,-1.33980986345321,1.28006725142492,-1.0466714635202,0.295251129464277,0.990321463352591
"Mper.PacBio.PsGc_3.g763",3.40484523022518,2.428599111683,1.36365446386115,0.452661949362299,1.69895911706761,0.266434868746925,0.789904314028208,0.990321463352591
"Mper.PacBio.PsGc_3.g778",5.04303553387799,4.23500833336061,2.14331052149633,0.238564654263878,1.40575110452753,0.16970618304729,0.865241211242762,0.990321463352591
"Mper.PacBio.PsGc_3.g81",5.51759091332299,5.597832476224,5.15508807191024,0.127013567979419,0.621063072458309,0.204509934034027,0.837955029806599,0.990321463352591
"Mper.PacBio.PsGc_3.g867",1.68930744995685,2.1989546778311,2.50824668766431,-0.110752416498766,1.19248136010931,-0.0928755955469303,0.92600239386274,0.990321463352591
"Mper.PacBio.PsGc_3.g868",9.25818558554061,13.0909566810221,6.54296786587612,-0.460202667494611,1.20666925700995,-0.381382607389008,0.702919364848795,0.990321463352591
"Mper.PacBio.PsGc_3.g895",143.445111217892,179.442809178252,149.819068753817,-0.30660086374717,0.184933093002447,-1.65790156196172,0.0973373368581676,0.778698694865341
"Mper.PacBio.PsGc_3.g923",4.66651589117543,3.79162974528505,3.61007239313018,0.0694251291789141,0.689998414126097,0.100616360498224,0.919855008816983,0.990321463352591
"Mper.PacBio.PsGc_3.g953",2.5629510600981,1.32653641589748,1.95508876602014,0.929329449686066,1.08629475914553,0.85550394297867,0.392272222505649,0.990321463352591
"Mper.PacBio.PsGc_3.g995",1177.33388134702,1092.20431868771,1139.93717650462,0.110861154424269,0.206108477521952,0.537877702834718,0.590661482865794,0.990321463352591
"Mper.PacBio.PsGc_4.g158",0.844613702147288,0,35.9031011681666,1.94206651531063,2.39713537048349,0.81016138647144,0.417847426901368,0.990321463352591
"Mper.PacBio.PsGc_4.g335",15.3976638619279,4.44513319673975,4.09003633386711,1.88338833445761,1.23451032753878,1.52561569753126,0.127105600435348,0.850767558568847
"Mper.PacBio.PsGc_4.g381",2.0995901584876,2.6135420722016,1.81697254649357,-0.22356433660102,1.09694156205531,-0.203806970520957,0.838504345483389,0.990321463352591
"Mper.PacBio.PsGc_4.g383",3.71280527239845,4.6481001178639,4.62134326221418,-0.426989905924153,0.653162569270992,-0.653726845371322,0.513287804558935,0.990321463352591
"Mper.PacBio.PsGc_4.g557",0.902392820462268,0.250086436721677,1.29770583563443,1.55500785979277,1.47096112539809,1.05713729135563,0.29044893409624,0.990321463352591
"Mper.PacBio.PsGc_4.g564",1.85842999532523,1.57294774874645,1.64623716248912,0.47879890974296,1.15065469200907,0.416109987703579,0.677329521796374,0.990321463352591
"Mper.PacBio.PsGc_4.g610",93.941399577467,119.098456330797,160.333213053092,-0.31545175905122,0.230102913938028,-1.37091596821837,0.170401152929736,0.906761501980343
"Mper.PacBio.PsGc_4.g625",7.45085017850087,11.4144319906092,3.72318695990573,-0.65895725215029,1.09359287621566,-0.602561763597609,0.546800263476756,0.990321463352591
"Mper.PacBio.PsGc_4.g627",1.12393613901416,4.99505783121136,2.87685300333657,-2.13195385877854,1.62545181493351,-1.31160692626607,0.189652794849328,0.906761501980343
"Mper.PacBio.PsGc_4.g636",5.08887370746615,5.59684959369908,1.96433943940345,-0.137422191960418,1.77517771473015,-0.0774132025318421,0.938294838199586,0.990321463352591
"Mper.PacBio.PsGc_4.g694",2.53250524696339,4.14213532675773,2.23400773834212,-0.654631215982294,1.53208611436254,-0.427280953626206,0.669174703769995,0.990321463352591
"Mper.PacBio.PsGc_4.g697",1.2171586722601,2.52030280738165,2.52449219714602,-0.804653830872171,1.00909336891366,-0.797402753462173,0.42521716065599,0.990321463352591
"Mper.PacBio.PsGc_4.g772",15.627323869361,10.4626413932702,4.7193416515228,0.626349371089341,1.10771356902672,0.56544344007601,0.571772184722511,0.990321463352591
"Mper.PacBio.PsGc_4.g811",30.1454503089617,29.8919918259862,26.4878744303705,-0.0965764494674376,0.293710123163932,-0.328815528818304,0.742295124874144,0.990321463352591
"Mper.PacBio.PsGc_4.g812",2.18363183971307,3.97761556424563,1.52992020300185,-0.87628914781569,1.80127457455593,-0.486482827323382,0.626624877983925,0.990321463352591
"Mper.PacBio.PsGc_4.g830",2.28461931983874,1.33616273070058,4.59392736892111,0.403727932486716,0.927339203167141,0.435361657425745,0.663299936937712,0.990321463352591
"Mper.PacBio.PsGc_4.g832",1.45583218801194,4.6487121625567,1.60262419592149,-1.74056416717145,2.1105258355269,-0.82470640153851,0.40953829644769,0.990321463352591
"Mper.PacBio.PsGc_4.g842",3.1202122612901,12.5980140177936,3.06725624524849,-1.96932144549586,1.11039394213082,-1.7735340321803,0.0761402578089268,0.723602388676389
"Mper.PacBio.PsGc_4.g892",1.29447458952328,0.95433176994655,2.2652636150643,0.415170565788147,1.10869200137876,0.374468802220855,0.70805556318617,0.990321463352591
"Mper.PacBio.PsGc_5.g1113",2.48937693081497,3.04713583549173,1.96672436343674,-0.323736057111715,1.36842308132316,-0.236575998702599,0.812985741939707,0.990321463352591
"Mper.PacBio.PsGc_5.g1218",7.54525505903121,3.34902171188463,2.41770994538493,1.33581507852943,1.54216893891514,0.866192441581094,0.386384637626641,0.990321463352591
"Mper.PacBio.PsGc_5.g1291",6.41099453244166,1.58257406354955,1.63307280176034,2.18515624693608,1.3714095441543,1.59336520315934,0.111078287109589,0.787778258595406
"Mper.PacBio.PsGc_5.g1298",29.757473090956,48.3261001355086,52.6302435688021,-0.73502550787909,0.465664477338876,-1.57844444583689,0.114463541303025,0.787778258595406
"Mper.PacBio.PsGc_5.g147",4.51180401098679,3.56680446641507,1.76979322169004,0.376292254969681,1.3642278507058,0.275828011262928,0.782680168103418,0.990321463352591
"Mper.PacBio.PsGc_5.g192",4.94717418752077,4.7284341814034,4.7867228746667,0.00993965974849815,0.648201202917447,0.0153342198437173,0.987765542201551,0.995042976601466
"Mper.PacBio.PsGc_5.g195",1.18840946193908,0.608910409005632,1.87528410241564,0.475957201901987,1.32039211927485,0.360466557588499,0.718498261215209,0.990321463352591
"Mper.PacBio.PsGc_5.g318",5.35377822677614,5.13482318249313,2.0761015863679,0.135928552207973,2.02919214766238,0.0669865356834552,0.946592422091425,0.990321463352591
"Mper.PacBio.PsGc_5.g319",4.07892048186334,1.68474376387359,1.33892818820275,1.21431009927547,1.78041642394211,0.682037125105153,0.49521547606422,0.990321463352591
"Mper.PacBio.PsGc_5.g322",2.15365904817486,2.69914948895052,2.18037549740765,-0.337800620737183,0.965454500421903,-0.349887664917989,0.726423004616223,0.990321463352591
"Mper.PacBio.PsGc_5.g330",8.30203680566304,8.489515557014,3.38360787002627,-0.0228788829540431,1.10433112967734,-0.0207174119602403,0.983471079265125,0.995042976601466
"Mper.PacBio.PsGc_5.g346",3.44002420119412,1.03954688539813,2.00815612259225,2.22163521818731,1.10689465243753,2.00708822045076,0.0447402702673562,0.585690810772662
"Mper.PacBio.PsGc_5.g359",5.57942474988998,4.04503972712143,3.19601159694122,0.431061566555729,0.76245468857434,0.565360241094118,0.571828761812761,0.990321463352591
"Mper.PacBio.PsGc_5.g388",6.86333481485105,1.14826248328435,1.56909771634943,3.0435109268922,1.34478549986252,2.26319433634832,0.0236237122089442,0.443714942359299
"Mper.PacBio.PsGc_5.g401",2.58898073839891,2.31027913666974,2.52887830763601,0.115914511809827,1.73739955162652,0.0667172451502652,0.946806805255967,0.990321463352591
"Mper.PacBio.PsGc_5.g404",6.161644887113,10.1507776433162,3.19892719312585,-0.715416790109673,1.25708411264628,-0.56910813120027,0.569282760584129,0.990321463352591
"Mper.PacBio.PsGc_5.g483",2.8577871370135,13.793630900022,3.27606222516912,-2.29252024822337,1.36221331889634,-1.68293777224316,0.0923871384476444,0.770161200461621
"Mper.PacBio.PsGc_5.g492",6.95530153428079,11.4826925211884,3.68077919623096,-0.715652090275459,1.37049612635262,-0.522184686636119,0.601541747024236,0.990321463352591
"Mper.PacBio.PsGc_5.g502",4.40003604864682,7.79561971846758,5.34144098683122,-0.849860889836413,0.6062253708087,-1.40188934802036,0.160948291824147,0.906761501980343
"Mper.PacBio.PsGc_5.g504",4.20763424310351,1.82303418546813,1.99214659278455,1.32298541545063,1.45498971722389,0.909274752796793,0.363205114020903,0.990321463352591
"Mper.PacBio.PsGc_5.g513",1.43870199081199,2.71850331122394,2.40687558030595,-0.767762886183627,0.990001289434864,-0.775517056772623,0.43803419054715,0.990321463352591
"Mper.PacBio.PsGc_5.g558",0.348873407250324,1.6484353567277,1.72953992422505,-1.66603717439692,2.23586732192524,-0.745141340928199,0.456186279540326,0.990321463352591
"Mper.PacBio.PsGc_5.g595",1.7247186322888,2.67567094419193,3.16562401311367,-0.816049030695301,0.908810059918917,-0.897931335364078,0.369222157647067,0.990321463352591
"Mper.PacBio.PsGc_5.g678",7.54800615040376,9.49310246121145,3.73127423584219,-0.313647238105023,1.19832933942285,-0.261737093290302,0.793524140826164,0.990321463352591
"Mper.PacBio.PsGc_5.g679",2.45518932970021,6.76501671053653,2.3663089271886,-1.49470322368149,1.50849552373909,-0.990856916815096,0.321755452283213,0.990321463352591
"Mper.PacBio.PsGc_5.g700",5.74491711229292,9.76956330687003,3.2903342855757,-0.751983360177228,1.35312920223166,-0.555736554156847,0.578390963676872,0.990321463352591
"Mper.PacBio.PsGc_5.g701",3.46262434854016,3.74458490506365,1.32191273447118,-0.0905768290785294,1.72349968164243,-0.0525540155552642,0.958087256573574,0.990321463352591
"Mper.PacBio.PsGc_5.g746",17.373843411226,15.5701907522728,15.866497367182,0.0930996459759955,0.379671241218502,0.245211213989253,0.806292893902924,0.990321463352591
"Mper.PacBio.PsGc_5.g828",53.0119804880972,52.8608880874889,52.9979684804067,-0.0186506957638711,0.230720772772362,-0.0808366561006302,0.935571856094659,0.990321463352591
"Mper.PacBio.PsGc_5.g874",483.136848459097,292.157376804883,377.678584262555,0.732911001283525,0.213038843420194,3.44026934016884,0.000581135549294561,0.027602889962412
"Mper.PacBio.PsGc_5.g904",1.62373115216313,2.09569679691071,1.31462411109017,-0.261036385518884,1.79716160837704,-0.1452492554382,0.884514078026985,0.990321463352591
"Mper.PacBio.PsGc_5.g909",2.92864173427642,2.70826037211299,1.42873668114192,0.104067767690745,1.46920826955302,0.0708325496441739,0.94353102600745,0.990321463352591
"Mper.PacBio.PsGc_5.g926",1.83889319637703,1.6484353567277,1.30525061409645,0.318404315644322,1.58607803314957,0.20074946439555,0.840894479951409,0.990321463352591
"Mper.PacBio.PsGc_5.g94",24.0797930056152,5.70936029298851,9.63733373953778,2.0758741371278,1.26803173836902,1.63708373719246,0.101612974151555,0.779925713273368
"Mper.PacBio.PsGc_7.g104",2.59938517163657,4.89073515417293,4.9504100257224,-0.839136168828762,0.753465077411457,-1.11370280320308,0.265406706333139,0.990321463352591
"Mper.PacBio.PsGc_7.g1077",7.51125910859333,21.620496491594,4.93507527382276,-1.51488163850199,1.32017206008602,-1.14748803152468,0.25117997682691,0.990321463352591
"Mper.PacBio.PsGc_7.g108",1.85842999532523,6.32705196407467,1.40413833012908,-1.77437416047677,1.60142989447563,-1.10799365404489,0.267864556556906,0.990321463352591
"Mper.PacBio.PsGc_7.g133",0.792272974626055,1.83266050027123,1.71082414609975,-1.17031905854215,1.7611563039848,-0.664517428631505,0.506359197847652,0.990321463352591
"Mper.PacBio.PsGc_7.g189",4.73334732953868,8.48623275443862,3.07453996832252,-0.89636355236662,1.10392096679703,-0.811981635757291,0.416802169090448,0.990321463352591
"Mper.PacBio.PsGc_7.g239",1.442756709064,2.66234758784006,1.94799044699318,-0.670858082176642,1.10317738599172,-0.608114425381881,0.543111585423668,0.990321463352591
"Mper.PacBio.PsGc_7.g265",8.9029309039523,1.66506032051822,2.2745209797333,2.57700798554154,1.27674156924111,2.01842569211035,0.0435469458719526,0.585690810772662
"Mper.PacBio.PsGc_7.g310",13.3043821844932,17.4539144370118,6.88295076089219,-0.370462247871751,1.18870171188864,-0.311652826076234,0.755304382806758,0.990321463352591
"Mper.PacBio.PsGc_7.g318",2.6230882938514,6.8043597842545,2.38350606221913,-1.33946653959942,1.58768317456409,-0.843661103839046,0.398858808675452,0.990321463352591
"Mper.PacBio.PsGc_7.g340",2.80264750505646,1.90018585581425,2.1870045536638,0.410163274379508,1.04020188975075,0.394311218255708,0.693351281879733,0.990321463352591
"Mper.PacBio.PsGc_7.g379",27.8792858328883,1.01697071067722,5.06429040229156,4.6901747578477,1.10392081069746,4.24865145434159,2.15061225513044e-05,0.00309688164738784
"Mper.PacBio.PsGc_7.g397",4.5114595213625,6.59758040366613,5.24008137639548,-0.523923764818999,1.09098275539086,-0.480231023112089,0.631063129679377,0.990321463352591
"Mper.PacBio.PsGc_7.g400",4.97071721841106,4.74447790052512,2.36373665626659,0.07616167144785,1.40348898424933,0.0542659559872399,0.95672327275654,0.990321463352591
"Mper.PacBio.PsGc_7.g419",3.17649610204873,5.91960828671093,5.38563543485577,-0.790285817290354,0.755430695406698,-1.04613940378064,0.295496674962321,0.990321463352591
"Mper.PacBio.PsGc_7.g423",11.2689215325529,15.595585349618,14.6043667689371,-0.33672134388146,0.431508808875151,-0.780334808828628,0.435193829061086,0.990321463352591
"Mper.PacBio.PsGc_7.g431",171.138481879929,38.6560958819687,63.7732987542741,2.1939611405489,0.406951243659085,5.39121375037949,6.99833694973032e-08,3.0232815622835e-05
"Mper.PacBio.PsGc_7.g433",2.3005259358215,4.96989786602689,4.27814219224945,-1.03796034114789,0.788373009378575,-1.31658533308496,0.187977657765673,0.906761501980343
"Mper.PacBio.PsGc_7.g492",2.12998748531237,1.9377229319608,2.00762762034206,0.418528425397785,1.35763395505839,0.308277812173448,0.757870947764294,0.990321463352591
"Mper.PacBio.PsGc_7.g494",9.20710067183558,1.08605435630285,2.20051138410602,3.08704670880177,1.43935195414854,2.14474764139805,0.0319730295301571,0.531244182962611
"Mper.PacBio.PsGc_7.g547",3.40484523022518,2.91183933792995,1.68997431192364,0.294957027886465,1.31816484258512,0.223763385547447,0.822941421660448,0.990321463352591
"Mper.PacBio.PsGc_7.g620",295.370655184258,151.246813516946,183.189835681103,0.970583651931036,0.273308350593043,3.55124038407534,0.000383420052229868,0.0236624946519004
"Mper.PacBio.PsGc_7.g627",6.15216803177817,5.58207450283211,6.33064021537659,-0.030551858711261,0.676332313705286,-0.0451728508192706,0.963969534060486,0.993877896692434
"Mper.PacBio.PsGc_7.g779",0.949655900524972,1.61250044601588,1.65684441408546,-0.972741685797046,1.1529212129563,-0.843719132639389,0.398826373562001,0.990321463352591
"Mper.PacBio.PsGc_7.g808",1.75744251519956,0.734250970682366,1.54511019802552,0.814538938688768,1.21100947561509,0.67261153202377,0.501194463201518,0.990321463352591
"Mper.PacBio.PsGc_7.g968",1.72333495974707,0.82636354245413,1.29529224657739,0.742827911399373,1.24394073152741,0.597156996770471,0.550402567114275,0.990321463352591
"Mper.PacBio.PsGc_7.g982",1.74436703625162,1.99063436522114,1.49870326151547,-0.127587104578473,2.14018875422302,-0.0596148841202526,0.952462363639612,0.990321463352591
"Mper.PacBio.PsGc_7.g989",1.09388330181368,9.00633219911114,2.35984024427855,-3.01112134389312,1.71807885692418,-1.75260951018501,0.0796690577302387,0.723602388676389
"Mper.PacBio.PsGc_7.g991",4.7032944923382,6.60030926214905,3.83028802521282,-0.471454083660746,1.41682869750414,-0.332753059343907,0.739320694041058,0.990321463352591
"Mper.PacBio.PsGc_9.g100",34.2813107049866,44.796641826521,15.2683638541641,-0.382058116733934,1.02641977030438,-0.372224043015691,0.709726046423409,0.990321463352591
"Mper.PacBio.PsGc_9.g1003",26.3083055029775,48.9882680617373,34.5464480005226,-0.886570519603846,0.410848094415106,-2.15790344814911,0.0309353393619232,0.531244182962611
"Mper.PacBio.PsGc_9.g102",1.0833672635614,3.91906060346079,2.07086752714365,-1.95787273937022,1.65986438587265,-1.17953777190111,0.238184105292113,0.985224869593647
"Mper.PacBio.PsGc_9.g1020",1.51876899944772,4.13651373690928,2.36817393980333,-1.1545172496838,0.976085386485571,-1.18280353918695,0.23688701761544,0.985224869593647
"Mper.PacBio.PsGc_9.g1032",1.14114638187638,3.19470101313136,1.63989314322,-1.35810800096337,1.70974279332519,-0.794334683711143,0.427000617651699,0.990321463352591
"Mper.PacBio.PsGc_9.g1036",465.37120780702,244.886658520005,264.18422357204,0.93773794077104,0.273585498466502,3.42758642554973,0.000608972427208533,0.027602889962412
"Mper.PacBio.PsGc_9.g1039",62.3148561563201,64.9687868544529,45.7931492068259,-0.0409103739330338,0.413849069749424,-0.0988533668996865,0.921254695298855,0.990321463352591
"Mper.PacBio.PsGc_9.g1040",2.91820574168641,3.13621186537469,4.06520882932918,-0.198292541443018,0.784496191831849,-0.252764186120512,0.80045044450758,0.990321463352591
"Mper.PacBio.PsGc_9.g1062",1.28131906491307,1.42460019859964,1.60453126310069,0.0834633405354588,1.26070614104377,0.0662036439882473,0.94721569565861,0.990321463352591
"Mper.PacBio.PsGc_9.g1070",2.72671526033501,1.54994076027637,2.66057975622162,1.10379160182749,1.05329661714275,1.04793994764905,0.294666275664793,0.990321463352591
"Mper.PacBio.PsGc_9.g1072",10.1895767546445,16.1792434631199,6.47589875696215,-0.646538819973152,1.09345510713029,-0.591280625749654,0.554332408702772,0.990321463352591
"Mper.PacBio.PsGc_9.g1090",0.792272974626055,1.75349778841727,1.77800698320311,-0.93454097807668,1.97725013531891,-0.472646814575106,0.636465177104752,0.990321463352591
"Mper.PacBio.PsGc_9.g1094",3.34714615757247,1.73459671756907,2.11200327362163,0.958500721851954,0.996715056313121,0.961659719877692,0.336220562202616,0.990321463352591
"Mper.PacBio.PsGc_9.g1100",3.32477822158945,6.13276969197887,2.2434202117467,-0.848399353001282,1.22827618096454,-0.690723606098957,0.489739251640332,0.990321463352591
"Mper.PacBio.PsGc_9.g1123",1.94901304221324,4.80761033522035,1.5314546371103,-1.24180259299954,1.56384258881128,-0.794071348282867,0.427153896383925,0.990321463352591
"Mper.PacBio.PsGc_9.g1164",8.44997510882613,8.30012819544361,9.93535017715553,-0.0377495188609776,0.497426613972292,-0.0758896243196999,0.939506911648088,0.990321463352591
"Mper.PacBio.PsGc_9.g1174",3.57645442300409,4.96465989245653,3.21239926350099,-0.409752580196031,1.64837372164948,-0.248579903218794,0.803685755530105,0.990321463352591
"Mper.PacBio.PsGc_9.g1208",4.37395788403608,2.1320052040566,1.28596454790024,1.02863307560538,1.47956054122624,0.695228783779853,0.486911936534419,0.990321463352591
"Mper.PacBio.PsGc_9.g1252",34.7008380574891,9.19595774230538,10.5224544942618,1.94939068508404,0.992513365350071,1.96409514787387,0.0495190588133592,0.605079160697696
"Mper.PacBio.PsGc_9.g1258",1.05572102810917,1.01058868599766,2.15161580052829,0.124707833974462,1.17063226158619,0.106530323882826,0.915161597314905,0.990321463352591
"Mper.PacBio.PsGc_9.g1301",3.47172515489836,3.25822888193672,2.38331260713273,-0.0808905039338609,0.800430546279609,-0.101058741835677,0.919503829559578,0.990321463352591
"Mper.PacBio.PsGc_9.g1316",6.68206436843756,8.42795135491668,9.5205793387888,-0.385786398441519,0.505276968291755,-0.763514711042122,0.445156492347578,0.990321463352591
"Mper.PacBio.PsGc_9.g1333",6.37936637202256,7.07460435343285,3.10306692179057,-0.170560865349335,0.976309167744789,-0.174699645342181,0.861315646465315,0.990321463352591
"Mper.PacBio.PsGc_9.g1337",102.198959456258,101.224088474181,132.043475568134,0.027884396327869,0.283385997251719,0.0983972270976414,0.921616876452151,0.990321463352591
"Mper.PacBio.PsGc_9.g134",28.868136802744,23.4264968371985,10.9951708123196,0.320006245357564,0.969320579230898,0.330134583144279,0.741298273171227,0.990321463352591
"Mper.PacBio.PsGc_9.g1394",97.1284522784541,106.115200018392,104.136499204538,-0.12437348516133,0.267868589097983,-0.464307836839489,0.642427210035387,0.990321463352591
"Mper.PacBio.PsGc_9.g1397",9.66747759746386,8.9194323411147,5.55057593512724,0.178708920039805,1.18757933621665,0.150481668541936,0.880384612433746,0.990321463352591
"Mper.PacBio.PsGc_9.g1419",0.740955176311341,1.04059432345515,1.73745287215175,-0.438370527237149,1.34260984457631,-0.326506266141291,0.744041349155039,0.990321463352591
"Mper.PacBio.PsGc_9.g1438",4.98777462232587,7.25273321802664,2.75900413826645,-0.549899576099573,1.26443208523863,-0.434898467477433,0.663636127039793,0.990321463352591
"Mper.PacBio.PsGc_9.g1444",2.01073527376562,1.62220601581015,1.4810225343431,0.379371130842099,1.58594896075842,0.239207654362773,0.810944567615702,0.990321463352591
"Mper.PacBio.PsGc_9.g1500",0.878721257599779,1.38539906008822,1.42684669071265,-0.858012939921333,2.11966266484546,-0.404787494798795,0.685633721629693,0.990321463352591
"Mper.PacBio.PsGc_9.g160",2.28729036554901,4.95860748885891,1.49298187443633,-1.1709403272674,1.94112393988533,-0.603228007860524,0.546357017938734,0.990321463352591
"Mper.PacBio.PsGc_9.g1630",0.529847850349455,1.93542488722706,1.68543983650035,-2.00360390811976,1.34493437421013,-1.4897410212275,0.136292344137769,0.850767558568847
"Mper.PacBio.PsGc_9.g1646",6.47941096860399,1.13531262336654,1.50575733901415,2.45435473044975,1.65407501298756,1.48382311030546,0.13785585439773,0.850767558568847
"Mper.PacBio.PsGc_9.g1664",9.68968544212233,19.9394497692692,6.18317769629683,-1.04145069730742,1.19938115484098,-0.868323379189245,0.385217326953146,0.990321463352591
"Mper.PacBio.PsGc_9.g1755",1.97260455941345,3.72477833136498,1.60565275066553,-0.897783959528518,1.57593221459859,-0.569684375515602,0.568891789219655,0.990321463352591
"Mper.PacBio.PsGc_9.g1808",3.41264240970391,9.42533981490576,6.21044265025677,-1.3048542550501,0.632425662186138,-2.06325317435656,0.0390885804297596,0.573436431365544
"Mper.PacBio.PsGc_9.g1839",28.6503607980003,25.6825303962071,32.3083445559399,0.153532565307551,0.276131998459911,0.556011495096033,0.578202996569346,0.990321463352591
"Mper.PacBio.PsGc_9.g184",35.7793508836212,47.0386209475683,16.6706212285631,-0.38887237990257,0.917664861984545,-0.423762961852537,0.671738692297893,0.990321463352591
"Mper.PacBio.PsGc_9.g302",6.428013124627,12.4420087658017,3.27009008428317,-0.963302185054174,1.06459290128848,-0.904854976853866,0.36554222179695,0.990321463352591
"Mper.PacBio.PsGc_9.g367",3.62638854877707,4.15586755918271,2.02801198955758,-0.18496120626115,1.38882010228686,-0.133178664361632,0.894052083899181,0.990321463352591
"Mper.PacBio.PsGc_9.g372",2.91556625532848,18.7941038303431,3.6581696845077,-2.68036892127176,1.42173636729822,-1.88527844045051,0.059392255338661,0.637457447939427
"Mper.PacBio.PsGc_9.g397",2.33455344561172,3.783764105899,1.45451395634844,-0.713258686315408,1.71089647659289,-0.416891785139334,0.676757562513225,0.990321463352591
"Mper.PacBio.PsGc_9.g398",25.6371335084126,31.8353308773192,18.4705515717759,-0.308029608625311,1.31652629636653,-0.233971481979083,0.815007118314612,0.990321463352591
"Mper.PacBio.PsGc_9.g435",12.6800081740183,1.48405752942216,3.4291388483228,3.46576406646707,1.24129032843179,2.79206563290124,0.005237273178366,0.150833467536941
"Mper.PacBio.PsGc_9.g459",23.7703884667584,33.5248911875882,28.5344162514634,-0.523870019683538,0.322701241261322,-1.62339016000038,0.104506026871843,0.779925713273368
"Mper.PacBio.PsGc_9.g472",16.2496986945773,4.17298601693779,13.3432482180858,2.04810428627504,0.532941148725623,3.84302148778059,0.00012152882384752,0.00875007531702143
"Mper.PacBio.PsGc_9.g479",45.9074957789667,69.0414133358085,22.7661084648262,-0.587043513676704,0.989402125548222,-0.593331567133461,0.552959276819501,0.990321463352591
"Mper.PacBio.PsGc_9.g5",1.80470559526226,1.49046149177779,1.44035010314181,0.332501941373791,1.77061594045841,0.187788855717467,0.851042172199457,0.990321463352591
"Mper.PacBio.PsGc_9.g569",1.96347219370291,2.5659652255638,1.30514631478294,-0.280334071027803,2.1038401432038,-0.133248750829947,0.893996656976616,0.990321463352591
"Mper.PacBio.PsGc_9.g572",5.06903365282645,6.10810322075896,6.5186052772193,-0.303344640170741,0.667482581091617,-0.454460758623309,0.649497229808409,0.990321463352591
"Mper.PacBio.PsGc_9.g574",6.1655880003504,5.16916316598722,2.26094453403571,0.292460145968519,1.07986523677746,0.270830225854183,0.78652161148619,0.990321463352591
"Mper.PacBio.PsGc_9.g623",22.651753185232,14.2369476368638,13.6490381401556,0.769210212418981,0.572248234902101,1.34418975106245,0.1788870350025,0.906761501980343
"Mper.PacBio.PsGc_9.g631",4.44233308626561,1.47110766950436,1.84206544483497,1.59346809400846,1.47765615392319,1.07837543245618,0.280866246167433,0.990321463352591
"Mper.PacBio.PsGc_9.g635",4.64567546534777,6.60410749636504,3.34607159874263,-0.345862016550351,0.891634652781638,-0.387896562197715,0.698092582307806,0.990321463352591
"Mper.PacBio.PsGc_9.g663",4.37542160224009,8.78003324805001,8.08120015288152,-0.932317797340812,0.732771707056936,-1.27231685989259,0.203260560575179,0.92131767711884
"Mper.PacBio.PsGc_9.g677",60.4273407850972,68.0602243690238,62.601065741349,-0.212692788414408,0.260414470297513,-0.816747196004185,0.414072913939928,0.990321463352591
"Mper.PacBio.PsGc_9.g679",9.07469293567861,3.59621541724077,3.48224079063526,1.38925421262908,1.39115419654648,0.998634239164773,0.317971907489049,0.990321463352591
"Mper.PacBio.PsGc_9.g7",9.1313860060824,10.5193272477538,7.09361390337249,-0.128919615788402,1.0101731839143,-0.12762130082374,0.898448673354774,0.990321463352591
"Mper.PacBio.PsGc_9.g784",32.6702470209791,28.4737744353513,29.7329830066016,0.206860013522935,0.30660519473104,0.674678763040519,0.499879879949967,0.990321463352591
"Mper.PacBio.PsGc_9.g804",3.04545578472258,4.15908991163019,1.68239828424637,-0.454113602215452,1.49536968487352,-0.303679823664381,0.76137183088772,0.990321463352591
"Mper.PacBio.PsGc_9.g818",5.70659474726386,4.26125961195422,2.48603980545005,0.396036161198324,1.51592779788952,0.261250015831682,0.793899709883375,0.990321463352591
"Mper.PacBio.PsGc_9.g851",9.83132184336304,17.0747144641925,6.75323369677817,-0.790623806661961,1.06527080562612,-0.742181051509493,0.457977647474295,0.990321463352591
"Mper.PacBio.PsGc_9.g862",2.15357900251259,3.23100942027725,1.78440421228651,-0.591780487625544,1.56804189501742,-0.377400941585792,0.705875667247573,0.990321463352591
"Mper.PacBio.PsGc_9.g864",2.46842489997269,2.56691147095359,2.99680023654269,0.207016718001504,0.860769181068208,0.240502009777578,0.809941105402661,0.990321463352591
"Mper.PacBio.PsGc_9.g922",21.0459990892627,3.58993458522844,6.08225953776057,2.82740203226667,0.828053674209998,3.4145154116539,0.000638955786166944,0.027602889962412
"Mper.PacBio.PsGc_9.g932",2.55617680982588,2.75111467682106,2.85625697209069,-0.0187987125148692,0.967351851680926,-0.0194331695155217,0.984495549953201,0.995042976601466
"Mper.PacBio.PsGc_9.g934",6.48417568579056,7.0912073795473,3.02436794167757,-0.114442821394014,1.08216331314361,-0.105753743454456,0.915777738277137,0.990321463352591
"Mper.PacBio.PsGc_9.g969",11.0355263162703,13.0108344711215,8.24602570225112,-0.130485516764135,0.596109557599351,-0.218895193174935,0.826731690965111,0.990321463352591
"Mper.PacBio.PsGc_9.g970",874.002039217122,362.971541965803,469.295271589365,1.27255650867686,0.314014806199338,4.05253664334871,5.06652853684945e-05,0.0054718508197974
"Mper.PacBio.PsGc_9.g987",7.09039724310563,9.25164335620301,8.11175678523917,-0.321104417876254,0.532694355000124,-0.602792980368975,0.546646417136573,0.990321463352591
